Name,Handedness,Height,Weight,BMI,Batting Average,Homerun Count
Al Jones,Righty,76,210,33.1578947368,0,0
Al Lachowicz,Righty,75,198,31.68,0,0
Alan Wirth,Righty,76,190,30,0,0
Albert Williams,Righty,76,190,30,0,0
Alex Sanchez,Righty,74,185,30,0,0
Alfredo Martinez,Righty,75,185,29.6,0,0
Allan Ramirez,Righty,70,180,30.8571428571,0,0
Andy Beene,Righty,75,205,32.8,0,0
Andy Replogle,Righty,77,205,31.9480519481,0,0
Angel Moreno,Lefty,69,165,28.6956521739,0,0
Barry Cort,Righty,77,210,32.7272727273,0,0
Barry Raziano,Switch-hitter,70,175,30,0,0
Ben Callahan,Righty,79,230,34.9367088608,0,0
Bert Bradley,Switch-hitter,73,190,31.2328767123,0,0
Bill Castro,Righty,71,170,28.7323943662,0,0
Bill Fulton,Righty,75,195,31.2,0,0
Bill Mooneyham,Righty,72,175,29.1666666667,0,0
Bill Moran,Righty,76,210,33.1578947368,0,0
Bill Paschall,Righty,72,175,29.1666666667,0,0
Bill Wilkinson,Righty,70,160,27.4285714286,0,0
Bob Babcock,Righty,77,210,32.7272727273,0,0
Bob Davidson,Righty,72,185,30.8333333333,0,0
Bob Fallon,Lefty,75,200,32,0,0
Bob Ferris,Righty,78,225,34.6153846154,0,0
Bob Galasso,Lefty,73,205,33.698630137,0,0
Bob Kammeyer,Righty,76,210,33.1578947368,0,0
Bob Veselic,Righty,72,175,29.1666666667,0,0
Bobby Cuellar,Righty,71,188,31.7746478873,0,0
Brian Allard,Righty,73,175,28.7671232877,0,0
Brian Denman,Righty,76,205,32.3684210526,0,0
Brian Dubois,Lefty,70,165,28.2857142857,0,0
Brian Snyder,Lefty,75,185,29.6,0,0
Britt Burns,Lefty,77,215,33.5064935065,0,0
Bruce Ellingsen,Lefty,72,180,30,0,0
Bruce Robbins,Lefty,73,190,31.2328767123,0,0
Bruce Tanner,Lefty,75,220,35.2,0,0
Bruce Taylor,Righty,72,178,29.6666666667,0,0
Bryan Clutterbuck,Righty,76,223,35.2105263158,0,0
Bryan Kelly,Righty,74,195,31.6216216216,0,0
Bryan Oelkers,Lefty,75,192,30.72,0,0
Bud Anderson,Righty,75,210,33.6,0,0
Butch Edge,Righty,75,203,32.48,0,0
Byron McLaughlin,Righty,73,175,28.7671232877,0,0
Cardell Camper,Righty,75,208,33.28,0,0
Carlos Velazquez,Righty,71,180,30.4225352113,0,0
Charlie Mitchell,Righty,75,170,27.2,0,0
Chico Escarrega,Righty,71,185,31.2676056338,0,0
Chris Batton,Righty,76,195,30.7894736842,0,0
Chris Knapp,Righty,77,195,30.3896103896,0,0
Chuck Hockenbery,Switch-hitter,73,195,32.0547945205,0,0
Chuck Porter,Righty,75,187,29.92,0,0
Clay Christiansen,Righty,77,205,31.9480519481,0,0
Clint Zavaras,Righty,73,175,28.7671232877,0,0
Colby Ward,Righty,74,185,30,0,0
Craig Chamberlain,Righty,73,190,31.2328767123,0,0
Craig Eaton,Righty,71,175,29.5774647887,0,0
Craig Mitchell,Righty,75,180,28.8,0,0
Curt Kaufman,Righty,74,175,28.3783783784,0,0
Curt Wardle,Lefty,77,220,34.2857142857,0,0
Dan Morogiello,Lefty,73,200,32.8767123288,0,0
Danny Fife,Righty,75,175,28,0,0
Daryl Smith,Righty,76,185,29.2105263158,0,0
Dave Ford,Righty,76,190,30,0,0
Dave Frost,Righty,78,235,36.1538461538,0,0
Dave Johnson,Righty,73,183,30.0821917808,0,0
Dave Lemanczyk,Righty,76,235,37.1052631579,0,0
Dave Rajsich,Lefty,77,175,27.2727272727,0,0
Dave Smith,Righty,73,190,31.2328767123,0,0
Dave Stapleton (L),Lefty,73,185,30.4109589041,0,0
De Wayne Buice,Righty,72,170,28.3333333333,0,0
De Wayne Vaughn,Righty,71,180,30.4225352113,0,0
Dennis Burtt,Righty,72,180,30,0,0
Dennis DeBarr,Lefty,74,190,30.8108108108,0,0
Dewey Robinson,Righty,72,180,30,0,0
Don Cooper,Righty,73,185,30.4109589041,0,0
Don Gordon,Righty,73,175,28.7671232877,0,0
Don Kainer,Righty,75,205,32.8,0,0
Don Welchel,Righty,76,205,32.3684210526,0,0
Ed Hodge,Lefty,74,192,31.1351351351,0,0
Eric Hetzel,Righty,75,175,28,0,0
Eric Wilkins,Righty,73,190,31.2328767123,0,0
Fernando Arroyo,Righty,74,180,29.1891891892,0,0
Francisco Barrios,Righty,71,155,26.1971830986,0,0
Frank Dimichele,Righty,75,205,32.8,0,0
Frank Eufemia,Righty,71,185,31.2676056338,0,0
Fred Howard,Righty,75,190,30.4,0,0
Gary Beare,Righty,76,205,32.3684210526,0,0
Gary Christenson,Lefty,77,200,31.1688311688,0,0
Gary Ignasiak,Righty,71,185,31.2676056338,0,0
Gary Lance,Switch-hitter,75,195,31.2,0,0
Gary Mielke,Righty,75,185,29.6,0,0
Gary Wheelock,Righty,75,205,32.8,0,0
Gil Patterson,Righty,73,185,30.4109589041,0,0
Glen Cook,Righty,71,180,30.4225352113,0,0
Gorman Heimueller,Lefty,76,195,30.7894736842,0,0
Greg Erardi,Righty,73,190,31.2328767123,0,0
Greg Thayer,Righty,71,182,30.7605633803,0,0
Howard Bailey,Righty,72,195,32.5,0,0
Ike Brookens,Righty,77,170,26.4935064935,0,0
Israel Sanchez,Lefty,69,170,29.5652173913,0,0
Jack Hardy,Righty,74,175,28.3783783784,0,0
Jack Lazorko,Righty,71,200,33.8028169014,0,0
Jaime Cocanower,Righty,76,200,31.5789473684,0,0
Jay Pettibone,Righty,76,182,28.7368421053,0,0
Jeff Barkley,Switch-hitter,75,185,29.6,0,0
Jeff Bettendorf,Righty,75,180,28.8,0,0
Jeff Byrd,Righty,75,195,31.2,0,0
Jeff Holly,Lefty,77,210,32.7272727273,0,0
Jeff Jones,Righty,75,210,33.6,0,0
Jeff Peterek,Righty,74,195,31.6216216216,0,0
Jeff Richardson,Righty,75,185,29.6,0,0
Jeff Rineer,Lefty,76,205,32.3684210526,0,0
Jeff Schattinger,Lefty,77,200,31.1688311688,0,0
Jeff Schneider,Switch-hitter,75,195,31.2,0,0
Jeff Sellers,Righty,73,175,28.7671232877,0,0
Jeff Shaver,Righty,75,195,31.2,0,0
Jeff Twitty,Lefty,74,185,30,0,0
Jerry Augustine,Lefty,72,183,30.5,0,0
Jerry Garvin,Lefty,75,195,31.2,0,0
Jerry Kutzler,Lefty,73,175,28.7671232877,0,0
Jerry Ujdur,Righty,73,195,32.0547945205,0,0
Jim Burton,Righty,75,195,31.2,0,0
Jim Campbell,Lefty,71,175,29.5774647887,0,0
Jim Dorsey,Righty,79,190,28.8607594937,0,0
Jim Farr,Righty,73,195,32.0547945205,0,0
Jim Gideon,Righty,75,190,30.4,0,0
Jim Lewis,Righty,75,190,30.4,0,0
Jim Siwy,Righty,76,200,31.5789473684,0,0
Jim Umbarger,Lefty,78,200,30.7692307692,0,0
Joe Pactwa,Lefty,71,185,31.2676056338,0,0
Joe Skalski,Righty,75,190,30.4,0,0
Joel Davis,Lefty,77,205,31.9480519481,0,0
Joel McKeon,Lefty,72,185,30.8333333333,0,0
John Bohnet,Switch-hitter,72,175,29.1666666667,0,0
John Butcher,Righty,76,185,29.2105263158,0,0
John Caneira,Righty,75,180,28.8,0,0
John Flinn,Righty,72,175,29.1666666667,0,0
John Hobbs,Righty,75,190,30.4,0,0
John Hoover,Righty,74,190,30.8108108108,0,0
John LaRose,Lefty,73,185,30.4109589041,0,0
John Leister,Righty,74,200,32.4324324324,0,0
John Pawlowski,Righty,74,175,28.3783783784,0,0
John Poloni,Lefty,77,210,32.7272727273,0,0
John Trautwein,Righty,75,205,32.8,0,0
Jose Cecena,Righty,71,180,30.4225352113,0,0
Jose Roman,Righty,72,175,29.1666666667,0,0
Juan Nieves,Lefty,75,175,28,0,0
Karl Best,Righty,76,190,30,0,0
Keith Creel,Righty,74,180,29.1891891892,0,0
Keith Macwhorter,Righty,76,190,30,0,0
Kevin Bearse,Lefty,74,195,31.6216216216,0,0
Kevin Mmahat,Lefty,77,220,34.2857142857,0,0
Kevin Stanfield,Lefty,72,190,31.6666666667,0,0
Lafayette Currence,Switch-hitter,71,175,29.5774647887,0,0
Larry Anderson,Righty,75,190,30.4,0,0
Larry Monroe,Righty,76,200,31.5789473684,0,0
Larry Pashnick,Righty,75,205,32.8,0,0
Larry Rothschild,Lefty,74,180,29.1891891892,0,0
Len Whitehouse,Lefty,71,175,29.5774647887,0,0
Leon Hooten,Righty,71,180,30.4225352113,0,0
Les Straker,Righty,73,193,31.7260273973,0,0
Luis Aponte,Righty,72,185,30.8333333333,0,0
Luis Encarnacion,Righty,70,178,30.5142857143,0,0
Luis Quintana,Lefty,74,175,28.3783783784,0,0
Luis Sanchez,Righty,74,170,27.5675675676,0,0
Mark Brown,Switch-hitter,74,190,30.8108108108,0,0
Mark Ciardi,Righty,72,180,30,0,0
Mark Clear,Righty,76,200,31.5789473684,0,0
Mark Esser,Righty,73,190,31.2328767123,0,0
Mark Mercer,Lefty,77,220,34.2857142857,0,0
Mark Smith,Righty,74,215,34.8648648649,0,0
Mark Souza,Lefty,72,180,30,0,0
Matt Williams,Righty,73,200,32.8767123288,0,0
Mike Bacsik,Righty,74,180,29.1891891892,0,0
Mike Darr,Righty,76,190,30,0,0
Mike Jones,Lefty,78,215,33.0769230769,0,0
Mike Kinnunen,Lefty,73,185,30.4109589041,0,0
Mike Loynd,Righty,76,210,33.1578947368,0,0
Mike Overy,Righty,74,190,30.8108108108,0,0
Mike Parrott,Righty,76,210,33.1578947368,0,0
Mike Paxton,Righty,71,190,32.1126760563,0,0
Mike Pazik,Lefty,74,195,31.6216216216,0,0
Mike Rochford,Lefty,76,205,32.3684210526,0,0
Mike Smith,Righty,75,180,28.8,0,0
Mike Smithson,Lefty,80,215,32.25,0,0
Mike Trujillo,Righty,73,180,29.5890410959,0,0
Mike Walters,Righty,77,203,31.6363636364,0,0
Mike Warren,Righty,73,175,28.7671232877,0,0
Mike Willis,Lefty,74,205,33.2432432432,0,0
Narciso Elvira,Lefty,70,160,27.4285714286,0,0
Nardi Contreras,Switch-hitter,74,193,31.2972972973,0,0
Oswaldo Peraza,Righty,76,172,27.1578947368,0,0
Ozzie Osborn,Righty,74,195,31.6216216216,0,0
Pat Underwood,Lefty,72,175,29.1666666667,0,0
Paul Boris,Righty,74,200,32.4324324324,0,0
Paul Hartzell,Righty,77,200,31.1688311688,0,0
Paul Mitchell,Righty,73,195,32.0547945205,0,0
Paul Wilmet,Righty,71,170,28.7323943662,0,0
Pete Filson,Switch-hitter,74,195,31.6216216216,0,0
Phil Huffman,Righty,74,180,29.1891891892,0,0
Rafael Vasquez,Righty,72,160,26.6666666667,0,0
Ralph Botting,Lefty,72,195,32.5,0,0
Ramon Manon,Righty,72,150,25,0,0
Ramon Pena,Righty,70,155,26.5714285714,0,0
Randy Nosek,Righty,76,215,33.9473684211,0,0
Randy Scarbery,Switch-hitter,73,185,30.4109589041,0,0
Randy Wiles,Lefty,73,185,30.4109589041,0,0
Ray Chadwick,Switch-hitter,74,180,29.1891891892,0,0
Reggie Ritter,Lefty,74,195,31.6216216216,0,0
Rich Barnes,Righty,76,186,29.3684210526,0,0
Rich Wortham,Righty,72,185,30.8333333333,0,0
Rich Yett,Righty,74,187,30.3243243243,0,0
Rick Anderson,Righty,74,210,34.0540540541,0,0
Rick Henninger,Righty,78,225,34.6153846154,0,0
Rick Jones,Lefty,77,190,29.6103896104,0,0
Rick Kreuger,Righty,74,185,30,0,0
Rick Lysander,Righty,74,190,30.8108108108,0,0
Rick Steirer,Righty,76,200,31.5789473684,0,0
Rickey Keeton,Righty,74,190,30.8108108108,0,0
Rob Woodward,Righty,75,185,29.6,0,0
Roger Miller,Righty,75,200,32,0,0
Roger Slagle,Righty,75,190,30.4,0,0
Roger Weaver,Righty,75,190,30.4,0,0
Ron Musselman,Righty,74,185,30,0,0
Ron Romanick,Righty,76,195,30.7894736842,0,0
Roy Branch,Righty,72,175,29.1666666667,0,0
Sam Hinds,Righty,78,215,33.0769230769,0,0
Sandy Wihtol,Righty,73,195,32.0547945205,0,0
Shawn Holman,Righty,74,185,30,0,0
Sherman Corbett,Lefty,76,205,32.3684210526,0,0
Stan Thomas,Righty,74,185,30,0,0
Stefan Wever,Righty,80,245,36.75,0,0
Steve Adkins,Righty,78,210,32.3076923077,0,0
Steve Barr,Lefty,76,200,31.5789473684,0,0
Steve Brown,Righty,77,200,31.1688311688,0,0
Steve Burke,Switch-hitter,74,200,32.4324324324,0,0
Steve Cummings,Switch-hitter,74,200,32.4324324324,0,0
Steve Curry,Righty,78,217,33.3846153846,0,0
Steve Davis,Lefty,73,195,32.0547945205,0,0
Steve Eddy,Righty,74,185,30,0,0
Steve Ellsworth,Righty,80,220,33,0,0
Steve Senteney,Righty,74,205,33.2432432432,0,0
T.R. Bryden,Righty,76,190,30,0,0
Terry Felton,Righty,73,180,29.5890410959,0,0
Terry Taylor,Righty,73,180,29.5890410959,0,0
Terry Wilshusen,Righty,74,210,34.0540540541,0,0
Todd Fischer,Righty,70,170,29.1428571429,0,0
Tom Brown,Righty,73,170,27.9452054795,0,0
Tom Buskey,Righty,75,200,32,0,0
Tom Dozier,Righty,74,190,30.8108108108,0,0
Tom Gilles,Righty,73,185,30.4109589041,0,0
Tom Klawitter,Righty,74,190,30.8108108108,0,0
Tom Makowski,Righty,71,185,31.2676056338,0,0
Tom McCarthy,Righty,72,180,30,0,0
Tony Arnold,Righty,71,170,28.7323943662,0,0
Tony Chevez,Righty,71,177,29.9154929577,0,0
Tony Ferreira,Lefty,73,160,26.301369863,0,0
Tony Mack,Righty,70,177,30.3428571429,0,0
Vance Lovelace,Lefty,77,205,31.9480519481,0,0
Willie Mueller,Righty,76,220,34.7368421053,0,0
Win Remmerswaal,Righty,74,160,25.9459459459,0,0
Zach Crouch,Lefty,75,180,28.8,0,0
Dean Chance,Righty,75,200,32,0.066,0
Mickey Lolich,Switch-hitter,73,170,27.9452054795,0.11,0
Jack Billingham,Righty,76,195,30.7894736842,0.111,0
Bob Veale,Switch-hitter,78,212,32.6153846154,0.114,0
Fred Norman,Switch-hitter,68,155,27.3529411765,0.125,0
Randy Jones,Righty,72,178,29.6666666667,0.132,0
Joe Horlen,Righty,72,170,28.3333333333,0.134,0
Steve Rogers,Righty,74,175,28.3783783784,0.138,0
Don Sutton,Righty,73,185,30.4109589041,0.144,0
Ron Reed,Righty,78,215,33.0769230769,0.158,0
John Denny,Righty,75,185,29.6,0.17,0
Luis Gomez,Righty,69,150,26.0869565217,0.21,0
Mick Kelleher,Righty,69,176,30.6086956522,0.213,0
Craig Robinson,Righty,70,165,28.2857142857,0.219,0
Ed Crosby,Lefty,74,175,28.3783783784,0.22,0
Tim Johnson,Lefty,73,170,27.9452054795,0.223,0
Larry Lintz,Switch-hitter,69,150,26.0869565217,0.227,0
Bob Didier,Switch-hitter,72,190,31.6666666667,0.229,0
Cesar Gutierrez,Righty,69,155,26.9565217391,0.235,0
Marty Martinez,Switch-hitter,72,170,28.3333333333,0.243,0
Ray Culp,Righty,72,200,33.3333333333,0.123,1
Mario Soto,Righty,72,174,29,0.132,1
Denny McLain,Righty,73,185,30.4109589041,0.133,1
Gary Nolan,Righty,74,197,31.9459459459,0.138,1
Don Wilson,Righty,74,195,31.6216216216,0.146,1
Ray Burris,Righty,77,200,31.1688311688,0.151,1
Joe Niekro,Righty,73,185,30.4109589041,0.156,1
Jim Barr,Righty,75,205,32.8,0.162,1
Jerry Reuss,Lefty,77,200,31.1688311688,0.167,1
Steve Blass,Righty,72,165,27.5,0.172,1
Dick Ruthven,Righty,75,190,30.4,0.183,1
Jose Arcia,Righty,75,170,27.2,0.215,1
Woody Woodward,Righty,74,180,29.1891891892,0.236,1
Gil Garrido,Righty,69,150,26.0869565217,0.237,1
Pepe Frias,Righty,70,159,27.2571428571,0.24,1
Bruce Miller,Righty,73,185,30.4109589041,0.246,1
Bob Heise,Righty,72,175,29.1666666667,0.247,1
Joe Strain,Righty,70,169,28.9714285714,0.25,1
Bob Randall,Righty,74,175,28.3783783784,0.257,1
Brock Davis,Lefty,70,160,27.4285714286,0.26,1
Duane Kuiper,Lefty,72,175,29.1666666667,0.271,1
Darrell Brown,Switch-hitter,72,184,30.6666666667,0.274,1
Jerry Koosman,Righty,74,205,33.2432432432,0.119,2
Al Downing,Righty,71,175,29.5774647887,0.127,2
Woodie Fryman,Righty,75,197,31.52,0.138,2
Sam McDowell,Lefty,77,190,29.6103896104,0.154,2
Fritz Peterson,Switch-hitter,72,185,30.8333333333,0.159,2
Ken Holtzman,Righty,74,175,28.3783783784,0.163,2
Tom Lawless,Righty,71,170,28.7323943662,0.207,2
Angel Salazar,Righty,72,180,30,0.212,2
Rudy Meoli,Lefty,69,165,28.6956521739,0.212,2
Danny Ainge,Righty,76,175,27.6315789474,0.22,2
Enzo Hernandez,Righty,68,155,27.3529411765,0.224,2
Nate Oliver,Righty,70,160,27.4285714286,0.226,2
Mike Champion,Righty,72,185,30.8333333333,0.229,2
Glenn Burke,Righty,72,195,32.5,0.237,2
Chico Ruiz,Switch-hitter,72,169,28.1666666667,0.24,2
Mike Ramsey,Switch-hitter,73,170,27.9452054795,0.24,2
Ron Theobald,Righty,68,165,29.1176470588,0.248,2
Mike Edwards,Righty,70,154,26.4,0.25,2
Barry Evans,Righty,73,180,29.5890410959,0.251,2
Frank Taveras,Righty,72,155,25.8333333333,0.255,2
Jose Tartabull,Lefty,71,165,27.8873239437,0.261,2
Jack Perconte,Lefty,70,160,27.4285714286,0.27,2
Rick Peters,Switch-hitter,69,170,29.5652173913,0.277,2
Jim Lonborg,Righty,77,200,31.1688311688,0.136,3
Jerry Zimmerman,Righty,74,185,30,0.204,3
Don Mason,Lefty,71,160,27.0422535211,0.205,3
Skip Jutze,Righty,71,190,32.1126760563,0.215,3
Mike Fischlin,Righty,73,165,27.1232876712,0.22,3
Joe Nossek,Righty,72,178,29.6666666667,0.228,3
Winston Llenas,Righty,70,165,28.2857142857,0.23,3
Jerry Dybzinski,Righty,74,180,29.1891891892,0.234,3
Rodney Scott,Switch-hitter,72,160,26.6666666667,0.236,3
Onix Concepcion,Righty,66,160,29.0909090909,0.239,3
Ron Brand,Righty,67,167,29.9104477612,0.239,3
Dave Skaggs,Righty,74,200,32.4324324324,0.241,3
Manny Castillo,Switch-hitter,69,160,27.8260869565,0.242,3
Bobby Mitchell (L),Lefty,70,170,29.1428571429,0.243,3
Mark Wagner,Righty,72,165,27.5,0.243,3
Bryan Little,Switch-hitter,70,160,27.4285714286,0.245,3
Rob Andrews,Righty,72,185,30.8333333333,0.251,3
Vida Blue,Switch-hitter,72,189,31.5,0.104,4
Burt Hooton,Righty,73,210,34.5205479452,0.123,4
Denny Lemaster,Righty,73,182,29.9178082192,0.13,4
Larry Dierker,Righty,76,215,33.9473684211,0.136,4
Juan Marichal,Righty,72,185,30.8333333333,0.165,4
Tommy Dean,Righty,72,165,27.5,0.18,4
Mario Mendoza,Righty,71,170,28.7323943662,0.215,4
Tom Matchick,Lefty,73,173,28.4383561644,0.215,4
Joe Lovitto,Switch-hitter,72,185,30.8333333333,0.216,4
Pat Corrales,Righty,72,180,30,0.216,4
Mike Richardt,Righty,72,170,28.3333333333,0.226,4
Elio Chacon,Righty,69,160,27.8260869565,0.232,4
Ron Gardenhire,Righty,72,175,29.1666666667,0.232,4
Terry Harmon,Righty,74,180,29.1891891892,0.233,4
Julio Gonzalez,Righty,71,162,27.3802816901,0.235,4
Jackie Gutierrez,Righty,71,175,29.5774647887,0.237,4
Rafael Landestoy,Switch-hitter,70,165,28.2857142857,0.237,4
John Donaldson,Lefty,71,160,27.0422535211,0.238,4
Junior Kennedy,Righty,71,175,29.5774647887,0.248,4
Jerry Terrell,Righty,71,165,27.8873239437,0.253,4
Steve Barber,Lefty,72,195,32.5,0.115,5
Joaquin Andujar,Switch-hitter,72,170,28.3333333333,0.127,5
Tommy John,Righty,75,180,28.8,0.157,5
Luis Tiant,Righty,72,180,30,0.164,5
Andy Messersmith,Righty,73,200,32.8767123288,0.17,5
Ron Clark,Righty,70,175,30,0.189,5
Ray Sadecki,Lefty,71,180,30.4225352113,0.191,5
Mike Krukow,Righty,77,205,31.9480519481,0.193,5
Jim French,Lefty,68,180,31.7647058824,0.196,5
Tom Nieto,Righty,73,193,31.7260273973,0.205,5
Steve Jeltz,Switch-hitter,71,180,30.4225352113,0.21,5
Frank Quilici,Righty,73,170,27.9452054795,0.214,5
Luis Alvarado,Righty,69,162,28.1739130435,0.214,5
Mike Sadek,Righty,69,165,28.6956521739,0.226,5
Ken Suarez,Righty,69,175,30.4347826087,0.227,5
Mike Brumley,Lefty,70,195,33.4285714286,0.229,5
Roger Metzger,Switch-hitter,72,165,27.5,0.231,5
Albert Hall,Switch-hitter,71,155,26.1971830986,0.251,5
Andre Robertson,Righty,70,155,26.5714285714,0.251,5
Lenny Faedo,Righty,72,170,28.3333333333,0.251,5
Wallace Johnson,Switch-hitter,72,173,28.8333333333,0.255,5
Alan Wiggins,Switch-hitter,74,160,25.9459459459,0.259,5
Scot Thompson,Lefty,75,195,31.2,0.262,5
Gene Clines,Righty,69,170,29.5652173913,0.277,5
Gaylord Perry,Righty,76,205,32.3684210526,0.131,6
Bob Knepper,Lefty,75,195,31.2,0.137,6
John Vukovich,Righty,73,187,30.7397260274,0.161,6
Luis Pujols,Righty,74,175,28.3783783784,0.193,6
Rich Morales,Righty,71,170,28.7323943662,0.195,6
Bob Davis,Righty,72,180,30,0.197,6
Buddy Biancalana,Switch-hitter,71,160,27.0422535211,0.205,6
Bobby Klaus,Righty,70,170,29.1428571429,0.208,6
Terry Humphrey,Righty,75,185,29.6,0.211,6
Dave Hilton,Righty,71,191,32.2816901408,0.213,6
Ken Rudolph,Righty,73,180,29.5890410959,0.213,6
Steve Renko,Righty,77,230,35.8441558442,0.215,6
Dal Maxvill,Righty,71,157,26.5352112676,0.217,6
Tucker Ashford,Righty,73,195,32.0547945205,0.218,6
Catfish Hunter,Righty,72,190,31.6666666667,0.226,6
Tim Blackwell,Switch-hitter,71,170,28.7323943662,0.228,6
Brad Wellman,Righty,72,170,28.3333333333,0.231,6
Rick Sweet,Switch-hitter,73,200,32.8767123288,0.234,6
Ty Cline,Lefty,72,170,28.3333333333,0.238,6
Frank Tepedino,Lefty,71,185,31.2676056338,0.241,6
Hank Allen,Righty,72,190,31.6666666667,0.241,6
Rod Kanehl,Righty,73,180,29.5890410959,0.241,6
Ron Stone,Lefty,74,185,30,0.241,6
Wilbur Howard,Switch-hitter,74,170,27.5675675676,0.25,6
Rich Chiles,Lefty,71,170,28.7323943662,0.254,6
Julio Gotay,Righty,72,180,30,0.26,6
Mike Squires,Lefty,71,185,31.2676056338,0.26,6
Miguel Dilone,Switch-hitter,72,160,26.6666666667,0.265,6
Carl Morton,Righty,72,200,33.3333333333,0.156,7
Mel Stottlemyre,Righty,73,178,29.2602739726,0.16,7
Phil Niekro,Righty,73,180,29.5890410959,0.169,7
Dave Roberts (L),Lefty,75,195,31.2,0.194,7
Orlando Mercado,Righty,72,180,30,0.199,7
Jim Maloney,Lefty,74,190,30.8108108108,0.201,7
Jim Rooker,Righty,72,195,32.5,0.201,7
Stan Papi,Righty,72,170,28.3333333333,0.218,7
Al Weis,Switch-hitter,72,160,26.6666666667,0.219,7
Sandy Valdespino,Lefty,68,170,30,0.23,7
Jim Fairey,Lefty,70,190,32.5714285714,0.235,7
Bud Harrelson,Switch-hitter,71,160,27.0422535211,0.236,7
Don Hahn,Righty,73,180,29.5890410959,0.236,7
Jerry Kenney,Lefty,73,170,27.9452054795,0.237,7
Doug Flynn,Righty,71,165,27.8873239437,0.238,7
Ted Martinez,Righty,72,165,27.5,0.24,7
Bill Fahey,Lefty,72,200,33.3333333333,0.241,7
Curt Ford,Lefty,70,150,25.7142857143,0.245,7
Doug Griffin,Righty,72,160,26.6666666667,0.245,7
Marv Breeding,Righty,72,175,29.1666666667,0.25,7
Sonny Jackson,Lefty,69,150,26.0869565217,0.251,7
Lynn Jones,Righty,69,175,30.4347826087,0.252,7
Juan Bonilla,Righty,69,170,29.5652173913,0.256,7
Mario Guerrero,Righty,70,155,26.5714285714,0.257,7
Tony Muser,Lefty,74,180,29.1891891892,0.259,7
Jim Norris,Lefty,70,175,30,0.264,7
Junior Moore,Righty,71,185,31.2676056338,0.264,7
Jerry Remy,Lefty,69,165,28.6956521739,0.275,7
Greg Gross,Lefty,70,160,27.4285714286,0.287,7
Dick Tracewski,Righty,71,160,27.0422535211,0.213,8
Jeff Torborg,Righty,72,195,32.5,0.214,8
Sal Butera,Righty,72,190,31.6666666667,0.227,8
Hal Lanier,Righty,74,180,29.1891891892,0.228,8
Russ Gibson,Righty,73,195,32.0547945205,0.228,8
Bob Meacham,Switch-hitter,73,175,28.7671232877,0.236,8
Jimmy Stewart,Switch-hitter,72,165,27.5,0.237,8
Domingo Ramos,Righty,70,154,26.4,0.24,8
Pedro Gonzalez,Righty,72,176,29.3333333333,0.244,8
Ed Romero,Righty,71,160,27.0422535211,0.247,8
Merritt Ranew,Lefty,71,170,28.7323943662,0.247,8
Boots Day,Lefty,69,160,27.8260869565,0.256,8
Steve Hovley,Lefty,70,188,32.2285714286,0.258,8
Phil Mankowski,Lefty,72,180,30,0.264,8
Broderick Perkins,Lefty,70,180,30.8571428571,0.271,8
Dave McNally,Righty,71,185,31.2676056338,0.133,9
George Smith,Righty,70,170,29.1428571429,0.205,9
Jack Heidemann,Righty,72,175,29.1666666667,0.211,9
Rick Auerbach,Righty,72,165,27.5,0.22,9
Tim Cullen,Righty,73,185,30.4109589041,0.22,9
Bobby Cox,Righty,71,180,30.4225352113,0.225,9
Bob Barton,Righty,72,175,29.1666666667,0.226,9
Rick Rhoden,Righty,75,195,31.2,0.238,9
Wayne Tolleson,Switch-hitter,69,160,27.8260869565,0.241,9
Joe Simpson,Lefty,75,175,28,0.242,9
Rick Sofield,Lefty,73,195,32.0547945205,0.243,9
Joe Keough,Lefty,72,185,30.8333333333,0.246,9
Jim Lyttle,Lefty,72,180,30,0.248,9
Luis Melendez,Righty,72,165,27.5,0.248,9
Jim Pankovits,Righty,70,170,29.1428571429,0.25,9
Bill Sharp,Lefty,70,178,30.5142857143,0.255,9
Tim Flannery,Lefty,71,175,29.5774647887,0.255,9
Bob Bailor,Righty,71,170,28.7323943662,0.264,9
Gene Locklear,Lefty,70,165,28.2857142857,0.274,9
J.R. Richard,Righty,80,222,33.3,0.168,10
Fred Stanley,Righty,70,165,28.2857142857,0.216,10
Brian Giles,Righty,73,165,27.1232876712,0.228,10
Ron Davis,Righty,72,175,29.1666666667,0.233,10
Dave Rosello,Righty,71,160,27.0422535211,0.236,10
Ted Cox,Righty,75,195,31.2,0.245,10
Dick Bertell,Righty,72,200,33.3333333333,0.25,10
Bruce Boisclair,Lefty,74,185,30,0.263,10
Bombo Rivera,Righty,70,187,32.0571428571,0.265,10
Carl Taylor,Righty,74,200,32.4324324324,0.266,10
Tom Poquette,Lefty,70,175,30,0.268,10
Paul Dade,Righty,73,185,30.4109589041,0.27,10
Tony Cloninger,Righty,72,210,35,0.192,11
Howie Goss,Righty,76,204,32.2105263158,0.216,11
Jimmie Schaffer,Righty,69,170,29.5652173913,0.223,11
Ken Walters,Righty,73,180,29.5890410959,0.231,11
Phil Linz,Righty,73,180,29.5890410959,0.235,11
Mike Phillips,Lefty,72,170,28.3333333333,0.24,11
Steve Nicosia,Righty,70,185,31.7142857143,0.248,11
Larry Milbourne,Switch-hitter,72,161,26.8333333333,0.254,11
Al Gallagher,Righty,72,180,30,0.263,11
Barbaro Garbey,Righty,70,170,29.1428571429,0.267,11
Rufino Linares,Righty,72,170,28.3333333333,0.27,11
Jeff Stone,Lefty,72,175,29.1666666667,0.277,11
Tom Seaver,Righty,73,195,32.0547945205,0.154,12
Sonny Siebert,Righty,75,190,30.4,0.173,12
Dan Briggs,Lefty,72,180,30,0.195,12
Jim Mason,Lefty,74,185,30,0.203,12
Jackie Hernandez,Righty,71,165,27.8873239437,0.208,12
Alan Knicely,Righty,72,190,31.6666666667,0.213,12
Bob Forsch,Righty,76,200,31.5789473684,0.213,12
Larry Haney,Righty,74,195,31.6216216216,0.215,12
John Stephenson,Lefty,71,180,30.4225352113,0.216,12
Larry Cox,Righty,70,178,30.5142857143,0.221,12
Tommie Reynolds,Righty,74,190,30.8108108108,0.226,12
Dick Phillips,Lefty,72,180,30,0.229,12
Doug Clemens,Lefty,72,180,30,0.229,12
Kiko Garcia,Righty,71,180,30.4225352113,0.239,12
Garry Hancock,Lefty,72,175,29.1666666667,0.247,12
Larry Harlow,Lefty,74,185,30,0.248,12
Brian Asselstine,Lefty,73,175,28.7671232877,0.254,12
Bobby Valentine,Righty,70,189,32.4,0.26,12
Rich Coggins,Lefty,68,170,30,0.265,12
Ron Pruitt,Righty,72,185,30.8333333333,0.269,12
Tim Corcoran,Lefty,71,175,29.5774647887,0.27,12
Fergie Jenkins,Righty,77,205,31.9480519481,0.165,13
Steve Carlton,Lefty,76,210,33.1578947368,0.201,13
Vic Harris,Switch-hitter,71,165,27.8873239437,0.217,13
Jim Anderson,Righty,72,170,28.3333333333,0.218,13
Kevin Bell,Righty,72,195,32.5,0.222,13
Bob Burda,Lefty,71,174,29.4084507042,0.224,13
Mike Fiore,Lefty,72,175,29.1666666667,0.227,13
Tommie Aaron,Righty,75,190,30.4,0.229,13
Ted Kubiak,Switch-hitter,72,175,29.1666666667,0.231,13
Danny Goodwin,Lefty,73,195,32.0547945205,0.236,13
Gary Woods,Righty,74,185,30,0.243,13
Rick Joseph,Righty,73,192,31.5616438356,0.243,13
Steve Dillard,Righty,73,180,29.5890410959,0.243,13
Roberto Pena,Righty,68,170,30,0.245,13
Sandy Alomar,Switch-hitter,69,140,24.347826087,0.245,13
Rafael Santana,Righty,73,165,27.1232876712,0.246,13
Tito Landrum,Righty,71,175,29.5774647887,0.249,13
'Tom O''Malley',Lefty,72,180,30,0.256,13
Richie Scheinblum,Switch-hitter,73,180,29.5890410959,0.263,13
Bill Plummer,Righty,73,190,31.2328767123,0.188,14
Bob Uecker,Righty,73,190,31.2328767123,0.2,14
John Hale,Lefty,74,195,31.6216216216,0.201,14
Darrel Chaney,Switch-hitter,74,188,30.4864864865,0.217,14
Jim Beauchamp,Righty,74,190,30.8108108108,0.231,14
Vern Fuller,Righty,73,170,27.9452054795,0.232,14
Paul Popovich,Switch-hitter,72,175,29.1666666667,0.233,14
Tim Harkness,Lefty,74,182,29.5135135135,0.235,14
Dave Edwards,Righty,72,170,28.3333333333,0.237,14
Ed Stroud,Lefty,71,180,30.4225352113,0.237,14
Phil Gagliano,Righty,73,180,29.5890410959,0.238,14
Mickey Klutts,Righty,71,170,28.7323943662,0.241,14
Tom Veryzer,Righty,73,175,28.7671232877,0.241,14
Ken Hubbs,Righty,74,175,28.3783783784,0.247,14
Rod Gilbreath,Righty,74,180,29.1891891892,0.248,14
Greg Pryor,Righty,72,180,30,0.25,14
Johnny Oates,Lefty,71,188,31.7746478873,0.25,14
Don Kessinger,Switch-hitter,73,170,27.9452054795,0.252,14
Bob Molinaro,Lefty,72,190,31.6666666667,0.264,14
Ken Retzer,Lefty,72,185,30.8333333333,0.264,14
Bubba Morton,Righty,70,175,30,0.267,14
Dane Iorg,Lefty,72,180,30,0.276,14
Ray Oyler,Righty,71,165,27.8873239437,0.175,15
Rick Wise,Righty,73,180,29.5890410959,0.195,15
Dick Simpson,Righty,76,176,27.7894736842,0.207,15
Don Leppert,Righty,74,220,35.6756756757,0.229,15
Gene Michael,Switch-hitter,74,183,29.6756756757,0.229,15
Jerry May,Righty,74,190,30.8108108108,0.234,15
Doc Edwards,Righty,74,215,34.8648648649,0.238,15
Danny Thompson,Righty,72,183,30.5,0.248,15
Dave Chalk,Righty,70,175,30,0.252,15
Larry Bowa,Switch-hitter,70,155,26.5714285714,0.26,15
Daryl Sconiers,Lefty,74,185,30,0.265,15
Wayne Krenchicki,Lefty,73,180,29.5890410959,0.266,15
Steve Huntz,Switch-hitter,73,204,33.5342465753,0.206,16
Ned Yost,Righty,73,190,31.2328767123,0.212,16
Jim Nettles,Lefty,72,186,31,0.22,16
Dick Billings,Righty,73,195,32.0547945205,0.227,16
Glenn Borgmann,Righty,76,210,33.1578947368,0.229,16
Wayne Comer,Righty,70,175,30,0.229,16
Pepe Mangual,Righty,70,157,26.9142857143,0.242,16
Joe Wallis,Switch-hitter,71,180,30.4225352113,0.244,16
Ellie Rodriguez,Righty,71,185,31.2676056338,0.245,16
Dave Marshall,Lefty,73,182,29.9178082192,0.246,16
Dick Howser,Righty,68,155,27.3529411765,0.248,16
Denny Doyle,Lefty,69,175,30.4347826087,0.25,16
Terry Francona,Lefty,73,190,31.2328767123,0.274,16
Ted Ford,Righty,70,180,30.8571428571,0.219,17
Billy Smith,Switch-hitter,74,185,30,0.23,17
Rob Picciolo,Righty,74,185,30,0.234,17
Fernando Gonzalez,Righty,70,165,28.2857142857,0.235,17
Doug Ault,Righty,75,200,32,0.236,17
Chuck Harrison,Righty,70,185,31.7142857143,0.238,17
Ron Roenicke,Switch-hitter,72,180,30,0.238,17
Bob Brower,Righty,71,185,31.2676056338,0.242,17
Ray Webster,Lefty,72,185,30.8333333333,0.244,17
Tony Scott,Switch-hitter,72,164,27.3333333333,0.249,17
Rick Bosetti,Righty,71,185,31.2676056338,0.25,17
Hosken Powell,Lefty,73,175,28.7671232877,0.259,17
Doug Camilli,Righty,71,195,32.9577464789,0.199,18
Jim Price,Righty,72,192,32,0.214,18
Hector Torres,Righty,72,175,29.1666666667,0.216,18
Chris Cannizzaro,Righty,72,190,31.6666666667,0.235,18
Harry Spilman,Lefty,73,180,29.5890410959,0.237,18
Bruce Benedict,Righty,73,175,28.7671232877,0.242,18
Willie Norwood,Righty,72,185,30.8333333333,0.242,18
Johnny Jeter,Righty,73,180,29.5890410959,0.244,18
Elliott Maddox,Righty,71,180,30.4225352113,0.261,18
Rick Leach,Lefty,73,180,29.5890410959,0.268,18
Rudy Law,Lefty,73,165,27.1232876712,0.271,18
Gary Allenson,Righty,71,185,31.2676056338,0.221,19
Bill Voss,Lefty,74,160,25.9459459459,0.227,19
Cap Peterson,Righty,74,195,31.6216216216,0.23,19
Bobby Clark,Righty,72,190,31.6666666667,0.239,19
Ron Hodges,Lefty,73,185,30.4109589041,0.24,19
Jim Holt,Lefty,72,180,30,0.265,19
Alan Bannister,Righty,71,170,28.7323943662,0.27,19
Doug Frobel,Lefty,76,196,30.9473684211,0.201,20
Dave Campbell,Righty,73,180,29.5890410959,0.213,20
Steve Swisher,Righty,74,205,33.2432432432,0.216,20
Bob Jones,Lefty,74,195,31.6216216216,0.221,20
Rick Renick,Righty,72,188,31.3333333333,0.221,20
Carmen Fanzone,Righty,72,200,33.3333333333,0.224,20
Rich McKinney,Righty,71,185,31.2676056338,0.225,20
Mark Belanger,Righty,73,170,27.9452054795,0.228,20
Steve Lombardozzi,Righty,72,175,29.1666666667,0.233,20
Chuck Hiller,Lefty,71,170,28.7323943662,0.243,20
Dave Nelson,Righty,70,160,27.4285714286,0.244,20
Fran Healy,Righty,77,220,34.2857142857,0.25,20
Larvell Blanks,Righty,68,167,29.4705882353,0.253,20
Ike Brown,Righty,72,190,31.6666666667,0.256,20
Garth Iorg,Righty,71,170,28.7323943662,0.258,20
Billy North,Switch-hitter,71,185,31.2676056338,0.261,20
Ron Washington,Righty,71,155,26.1971830986,0.261,20
Thad Bosley,Lefty,75,175,28,0.272,20
Jerry Narron,Lefty,75,205,32.8,0.211,21
Dick Nen,Lefty,74,200,32.4324324324,0.224,21
Tom Satriano,Lefty,73,185,30.4109589041,0.225,21
Dave McKay,Switch-hitter,73,195,32.0547945205,0.229,21
Bobby Mitchell (R),Righty,75,185,29.6,0.235,21
Joe Gaines,Righty,73,190,31.2328767123,0.241,21
Hal Breeden,Righty,74,200,32.4324324324,0.243,21
Jerry White,Switch-hitter,70,164,28.1142857143,0.253,21
Ivan DeJesus,Righty,71,175,29.5774647887,0.254,21
Biff Pocoroba,Switch-hitter,70,175,30,0.257,21
Jim Wohlford,Righty,71,175,29.5774647887,0.26,21
John Wathan,Righty,74,205,33.2432432432,0.262,21
Dave Cash,Righty,71,170,28.7323943662,0.283,21
Tom Egan,Righty,76,218,34.4210526316,0.2,22
Jerry Buchek,Righty,71,185,31.2676056338,0.22,22
Johnnie LeMaster,Righty,74,165,26.7567567568,0.222,22
Nelson Mathews,Righty,76,195,30.7894736842,0.223,22
Johnny Lewis,Lefty,73,189,31.0684931507,0.227,22
Angel Mangual,Righty,70,178,30.5142857143,0.245,22
Roger Freed,Righty,72,190,31.6666666667,0.245,22
Marty Perez,Righty,71,160,27.0422535211,0.246,22
Tom Hutton,Lefty,71,180,30.4225352113,0.248,22
Jack Hiatt,Righty,74,190,30.8108108108,0.251,22
Reid Nichols,Righty,71,165,27.8873239437,0.266,22
Felix Millan,Righty,71,172,29.0704225352,0.279,22
Glenn Beckert,Righty,73,190,31.2328767123,0.283,22
Julio Cruz,Switch-hitter,69,165,28.6956521739,0.237,23
Chuck Schilling,Righty,70,160,27.4285714286,0.239,23
Glenn Hoffman,Righty,73,175,28.7671232877,0.242,23
Alex Trevino,Righty,70,165,28.2857142857,0.249,23
Bob Dernier,Righty,72,160,26.6666666667,0.255,23
Bob Montgomery,Righty,73,195,32.0547945205,0.258,23
Duane Josephson,Righty,72,190,31.6666666667,0.258,23
Ted Sizemore,Righty,70,165,28.2857142857,0.262,23
Mike Brown,Righty,74,195,31.6216216216,0.265,23
Lyman Bostock,Lefty,73,180,29.5890410959,0.311,23
Hal King,Lefty,73,200,32.8767123288,0.214,24
Ken Gerhart,Righty,72,190,31.6666666667,0.221,24
Duane Walker,Lefty,72,185,30.8333333333,0.229,24
Steve Whitaker,Lefty,72,180,30,0.23,24
'Syd O''Brien',Righty,73,185,30.4109589041,0.23,24
Eddie Leon,Righty,72,170,28.3333333333,0.236,24
Norm Miller,Lefty,70,185,31.7142857143,0.238,24
Gary Gray,Righty,72,187,31.1666666667,0.24,24
Gary Sutherland,Righty,72,185,30.8333333333,0.243,24
Bob Chance,Lefty,74,196,31.7837837838,0.261,24
Steve Ontiveros,Switch-hitter,72,185,30.8333333333,0.274,24
Curt Motton,Righty,68,164,28.9411764706,0.213,25
Lenn Sakata,Righty,69,160,27.8260869565,0.23,25
Jake Gibbs,Lefty,72,180,30,0.233,25
Bill Nahorodny,Righty,74,200,32.4324324324,0.241,25
Jerry Moses,Righty,75,210,33.6,0.251,25
Mike de la Hoz,Righty,71,175,29.5774647887,0.251,25
Tim Foli,Righty,72,179,29.8333333333,0.251,25
Mark Brouhard,Righty,73,210,34.5205479452,0.259,25
Gail Hopkins,Lefty,70,198,33.9428571429,0.266,25
John Boccabella,Righty,73,195,32.0547945205,0.219,26
Bob Coluccio,Righty,71,183,30.9295774648,0.22,26
Frank Duffy,Righty,73,180,29.5890410959,0.232,26
Ron Woods,Righty,70,168,28.8,0.233,26
Bruce Bochy,Righty,75,205,32.8,0.239,26
Bobby Brown,Switch-hitter,74,190,30.8108108108,0.245,26
Jesse Gonder,Lefty,70,180,30.8571428571,0.251,26
Mike Hershberger,Righty,70,175,30,0.252,26
Manny Jimenez,Lefty,73,185,30.4109589041,0.272,26
Jose Morales,Righty,71,187,31.6056338028,0.287,26
Gene Richards,Lefty,72,175,29.1666666667,0.29,26
Andres Mora,Righty,72,180,30,0.223,27
Chris Bando,Switch-hitter,72,195,32.5,0.227,27
Jim Traber,Lefty,72,194,32.3333333333,0.227,27
Bob Kearney,Righty,72,190,31.6666666667,0.233,27
Kurt Bevacqua,Righty,72,180,30,0.236,27
Jerry McNertney,Righty,72,180,30,0.237,27
Mike Tyson,Righty,69,170,29.5652173913,0.241,27
U LeftyWashington,Switch-hitter,71,175,29.5774647887,0.251,27
Felix Torres,Righty,71,165,27.8873239437,0.254,27
Horace Clarke,Switch-hitter,69,170,29.5652173913,0.256,27
Len Randle,Switch-hitter,70,169,28.9714285714,0.257,27
Pete LaCock,Lefty,74,200,32.4324324324,0.257,27
Joe Nolan,Lefty,71,175,29.5774647887,0.263,27
Dick Davis,Righty,75,190,30.4,0.265,27
George Vukovich,Lefty,72,198,33,0.268,27
Mike Ryan,Righty,74,205,33.2432432432,0.193,28
Danny Walton,Righty,72,195,32.5,0.223,28
Coco Laboy,Righty,70,165,28.2857142857,0.233,28
Billy Grabarkewitz,Righty,70,165,28.2857142857,0.236,28
Mike Anderson,Righty,74,200,32.4324324324,0.246,28
Rick Miller,Lefty,72,175,29.1666666667,0.269,28
Vic Correll,Righty,70,185,31.7142857143,0.229,29
Paul Householder,Switch-hitter,72,180,30,0.236,29
Rey Quinones,Righty,71,160,27.0422535211,0.243,29
Charlie James,Righty,73,195,32.0547945205,0.255,29
Joe Charboneau,Righty,74,205,33.2432432432,0.266,29
Larry Biittner,Lefty,74,205,33.2432432432,0.273,29
Bobby Wine,Righty,73,187,30.7397260274,0.215,30
Duffy Dyer,Righty,72,187,31.1666666667,0.221,30
Jim Gosger,Lefty,71,185,31.2676056338,0.226,30
Pete Mackanin,Righty,74,190,30.8108108108,0.226,30
Len Matuszek,Lefty,74,190,30.8108108108,0.234,30
Byron Browne,Righty,74,190,30.8108108108,0.236,30
Jack Brohamer,Lefty,70,165,28.2857142857,0.245,30
Dave Rader,Lefty,71,165,27.8873239437,0.257,30
Jerry Hairston,Switch-hitter,70,170,29.1428571429,0.258,30
Steve Brye,Righty,72,190,31.6666666667,0.258,30
Ed Goodson,Lefty,75,180,28.8,0.26,30
Von Joshua,Lefty,70,170,29.1428571429,0.273,30
Buck Rodgers,Switch-hitter,74,190,30.8108108108,0.232,31
Fred Kendall,Righty,73,185,30.4109589041,0.234,31
Mike Diaz,Righty,74,195,31.6216216216,0.247,31
Carl Warwick,Righty,70,170,29.1428571429,0.248,31
Ken Boswell,Lefty,72,170,28.3333333333,0.248,31
Chico Salmon,Righty,70,160,27.4285714286,0.249,31
Leron Lee,Lefty,72,196,32.6666666667,0.25,31
Joe Lefebvre,Lefty,70,170,29.1428571429,0.258,31
Dave Engle,Righty,75,210,33.6,0.262,31
David Green,Righty,75,170,27.2,0.268,31
Manny Mota,Righty,70,160,27.4285714286,0.304,31
Matty Alou,Lefty,69,160,27.8260869565,0.307,31
John Kennedy,Righty,72,185,30.8333333333,0.225,32
Joe Lis,Righty,72,175,29.1666666667,0.233,32
Clint Hurdle,Lefty,75,195,31.2,0.259,32
Mickey Brantley,Righty,70,180,30.8571428571,0.259,32
Rowland Office,Lefty,72,170,28.3333333333,0.259,32
Dave Collins,Switch-hitter,71,175,29.5774647887,0.272,32
Jesus Alou,Righty,74,190,30.8108108108,0.28,32
Al Luplow,Lefty,70,175,30,0.235,33
Ivan Murrell,Righty,74,195,31.6216216216,0.236,33
Jim Essian,Righty,74,195,31.6216216216,0.244,33
Bob Stinson,Switch-hitter,71,180,30.4225352113,0.25,33
Ed Ott,Lefty,70,190,32.5714285714,0.259,33
Walt Williams,Righty,66,165,30,0.27,33
Terry Whitfield,Lefty,73,197,32.3835616438,0.281,33
Todd Cruz,Righty,72,175,29.1666666667,0.22,34
Marc Hill,Righty,75,205,32.8,0.223,34
Ted Savage,Righty,73,185,30.4109589041,0.233,34
Mike Cubbage,Lefty,72,180,30,0.258,34
Tommy Helms,Righty,70,165,28.2857142857,0.269,34
Mike Vail,Righty,73,180,29.5890410959,0.279,34
Glenn Adams,Lefty,73,180,29.5890410959,0.28,34
Rusty Torres,Switch-hitter,70,175,30,0.212,35
Jake Wood,Righty,73,163,26.7945205479,0.25,35
R.J. Reynolds,Switch-hitter,72,190,31.6666666667,0.267,35
Al Woods,Lefty,75,190,30.4,0.271,35
Larry Stahl,Lefty,72,175,29.1666666667,0.232,36
Terry Harper,Righty,76,195,30.7894736842,0.253,36
Bill Almon,Righty,75,180,28.8,0.254,36
Charlie Moore,Righty,71,180,30.4225352113,0.261,36
Ted Uhlaender,Lefty,74,190,30.8108108108,0.263,36
Bump Wills,Switch-hitter,69,172,29.9130434783,0.266,36
Vic Davalillo,Lefty,67,150,26.8656716418,0.279,36
Damaso Garcia,Righty,73,165,27.1232876712,0.283,36
Pedro Garcia,Righty,70,175,30,0.22,37
Dave Hostetler,Righty,76,215,33.9473684211,0.229,37
Luis Aguayo,Righty,69,173,30.0869565217,0.236,37
Omar Moreno,Lefty,74,180,29.1891891892,0.252,37
Len Gabrielson,Lefty,76,210,33.1578947368,0.253,37
Floyd Rayford,Righty,70,190,32.5714285714,0.244,38
Brant Alyea,Righty,75,215,34.4,0.247,38
Benny Ayala,Righty,73,185,30.4109589041,0.251,38
Chris Brown,Righty,72,185,30.8333333333,0.269,38
Mickey Hatcher,Righty,74,200,32.4324324324,0.28,38
Frank Fernandez,Righty,72,185,30.8333333333,0.199,39
Hector Cruz,Righty,71,170,28.7323943662,0.225,39
Ed Spiezio,Righty,71,180,30.4225352113,0.238,39
Rob Wilfong,Lefty,73,180,29.5890410959,0.248,39
Jerry Grote,Righty,70,185,31.7142857143,0.252,39
Ron Hunt,Righty,72,186,31,0.273,39
Wayne Nordhagen,Righty,74,205,33.2432432432,0.282,39
Billy Cowan,Righty,72,170,28.3333333333,0.236,40
Joe Hague,Lefty,72,195,32.5,0.239,40
Bucky Dent,Righty,69,170,29.5652173913,0.247,40
Marvell Wynne,Lefty,71,175,29.5774647887,0.247,40
Jerry Royster,Righty,72,165,27.5,0.249,40
John Orsino,Righty,75,215,34.4,0.249,40
Billy Conigliaro,Righty,72,180,30,0.256,40
Billy Bryan,Lefty,76,200,31.5789473684,0.216,41
Dalton Jones,Lefty,73,180,29.5890410959,0.235,41
Freddie Patek,Righty,65,148,27.3230769231,0.242,41
Walt Bond,Lefty,79,228,34.6329113924,0.256,41
Dave Stapleton (R),Righty,73,178,29.2602739726,0.271,41
Rennie Stennett,Righty,71,160,27.0422535211,0.274,41
John Castino,Righty,71,175,29.5774647887,0.278,41
Andres Thomas,Righty,73,170,27.9452054795,0.234,42
George Wright,Switch-hitter,71,180,30.4225352113,0.245,42
Terry Crowley,Lefty,72,180,30,0.25,42
Eddie Milner,Lefty,71,173,29.2394366197,0.253,42
Craig Reynolds,Lefty,73,175,28.7671232877,0.256,42
Ron Oester,Switch-hitter,74,185,30,0.265,42
Phil Roof,Righty,74,190,30.8108108108,0.215,43
Derrel Thomas,Switch-hitter,72,160,26.6666666667,0.249,43
Rich Dauer,Righty,72,180,30,0.257,43
Art Howe,Righty,74,190,30.8108108108,0.26,43
Darryl Motley,Righty,69,196,34.0869565217,0.243,44
Bill Stein,Righty,70,170,29.1428571429,0.267,44
Bob Johnson,Righty,70,175,30,0.272,44
Sam Bowens,Righty,73,188,30.904109589,0.223,45
Roy Foster,Righty,72,185,30.8333333333,0.253,45
Jerry Turner,Lefty,69,180,31.3043478261,0.257,45
Tito Fuentes,Switch-hitter,71,175,29.5774647887,0.268,45
Craig Kusick,Righty,75,210,33.6,0.235,46
Willie Smith,Lefty,72,182,30.3333333333,0.248,46
John Stearns,Righty,72,185,30.8333333333,0.26,46
Bill Russell,Righty,72,175,29.1666666667,0.263,46
Bill Sample,Righty,69,175,30.4347826087,0.272,46
Cesar Tovar,Righty,69,155,26.9565217391,0.278,46
Larry Brown,Righty,70,160,27.4285714286,0.233,47
Lou Johnson,Righty,71,170,28.7323943662,0.258,48
Andy Etchebarren,Righty,73,190,31.2328767123,0.235,49
Dale Berra,Righty,72,180,30,0.236,49
Dave Roberts (R),Righty,75,215,34.4,0.239,49
Paul Casanova,Righty,76,180,28.4210526316,0.225,50
Joe Azcue,Righty,72,190,31.6666666667,0.252,50
Tony Solaita,Lefty,72,210,35,0.255,50
Rick Burleson,Righty,70,165,28.2857142857,0.273,50
Cesar Geronimo,Lefty,72,165,27.5,0.258,51
Al Ferrara,Righty,73,200,32.8767123288,0.259,51
Buddy Bradford,Righty,71,170,28.7323943662,0.226,52
Rich Reese,Lefty,75,185,29.6,0.253,52
Steve Braun,Lefty,70,180,30.8571428571,0.271,52
Ron Blomberg,Lefty,73,195,32.0547945205,0.293,52
Mike Hegan,Lefty,73,188,30.904109589,0.242,53
Johnny Ray,Switch-hitter,71,170,28.7323943662,0.29,53
Champ Summers,Lefty,74,205,33.2432432432,0.255,54
Cookie Rojas,Righty,70,160,27.4285714286,0.263,54
Al Bumbry,Lefty,68,170,30,0.281,54
Gary Alexander,Righty,74,195,31.6216216216,0.23,55
Clay Dalrymple,Lefty,72,190,31.6666666667,0.233,55
Gene Alley,Righty,70,160,27.4285714286,0.254,55
Bobby Knoop,Righty,73,170,27.9452054795,0.236,56
Rick Manning,Lefty,73,180,29.5890410959,0.257,56
Ron Jackson,Righty,72,200,33.3333333333,0.259,56
Barry Bonnell,Righty,75,190,30.4,0.272,56
Barry Foote,Righty,75,205,32.8,0.23,57
Paul Schaal,Righty,71,165,27.8873239437,0.244,57
Buck Martinez,Righty,70,190,32.5714285714,0.225,58
Joe Foy,Righty,72,215,35.8333333333,0.248,58
Ken Berry,Righty,72,175,29.1666666667,0.255,58
Bill Sudakis,Switch-hitter,73,190,31.2328767123,0.234,59
Adolfo Phillips,Righty,73,175,28.7671232877,0.247,59
Ron LeFlore,Righty,72,200,33.3333333333,0.288,59
Ed Brinkman,Righty,72,170,28.3333333333,0.224,60
Enos Cabell,Righty,76,170,26.8421052632,0.277,60
Dave Nicholson,Righty,74,215,34.8648648649,0.212,61
Wayne Garrett,Lefty,71,175,29.5774647887,0.239,61
Bill Schroeder,Righty,74,200,32.4324324324,0.24,61
Gary Thomasson,Lefty,73,180,29.5890410959,0.249,61
Ray Fosse,Righty,74,215,34.8648648649,0.256,61
Manny Trillo,Righty,73,150,24.6575342466,0.263,61
Mickey Rivers,Lefty,70,165,28.2857142857,0.295,61
Ellie Hendricks,Lefty,73,175,28.7671232877,0.22,62
Dave Revering,Lefty,76,210,33.1578947368,0.265,62
Jeff Newman,Righty,74,215,34.8648648649,0.224,63
Pat Putnam,Lefty,72,205,34.1666666667,0.255,63
Bake McBride,Lefty,74,190,30.8108108108,0.299,63
Wes Parker,Switch-hitter,73,180,29.5890410959,0.267,64
Lamar Johnson,Righty,74,215,34.8648648649,0.287,64
Joe Lahoud,Lefty,73,198,32.5479452055,0.223,65
Charlie Spikes,Righty,75,215,34.4,0.246,65
Lou Clinton,Righty,73,185,30.4109589041,0.247,65
Tom Grieve,Righty,74,190,30.8108108108,0.249,65
Butch Wynegar,Switch-hitter,73,190,31.2328767123,0.255,65
Manny Sanguillen,Righty,72,193,32.1666666667,0.296,65
Mike Andrews,Righty,75,195,31.2,0.258,66
Dick Dietz,Righty,73,195,32.0547945205,0.261,66
Merv Rettenmund,Righty,70,190,32.5714285714,0.271,66
Danny Cater,Righty,72,170,28.3333333333,0.276,66
Floyd Robinson,Lefty,69,175,30.4347826087,0.283,67
Art Shamsky,Lefty,73,168,27.6164383562,0.253,68
Mike Shannon,Righty,75,195,31.2,0.255,68
Ken Reitz,Righty,72,180,30,0.26,68
Steve Henderson,Righty,74,190,30.8108108108,0.28,68
Charley Smith,Righty,73,170,27.9452054795,0.239,69
John Ellis,Righty,74,225,36.4864864865,0.262,69
Glenn Hubbard,Righty,69,150,26.0869565217,0.244,70
Jerry Mumphrey,Switch-hitter,74,185,30,0.289,70
Tom Brookens,Righty,70,165,28.2857142857,0.246,71
Mike Young,Switch-hitter,74,195,31.6216216216,0.247,72
Mitchell Page,Lefty,74,205,33.2432432432,0.266,72
Andy Kosco,Righty,75,205,32.8,0.236,73
Bernie Allen,Lefty,72,175,29.1666666667,0.239,73
Ron Swoboda,Righty,74,195,31.6216216216,0.242,73
Jim Lefebvre,Switch-hitter,72,180,30,0.251,74
Tommy McCraw,Lefty,72,183,30.5,0.246,75
Ralph Garr,Lefty,71,185,31.2676056338,0.306,75
George Mitterwald,Righty,74,195,31.6216216216,0.236,76
Pat Kelly,Lefty,73,185,30.4109589041,0.264,76
Tony Horton,Righty,75,210,33.6,0.268,76
Tim Laudner,Righty,75,212,33.92,0.225,77
Don Wert,Righty,70,162,27.7714285714,0.242,77
Leroy Stanton,Righty,73,195,32.0547945205,0.244,77
Jim Dwyer,Lefty,70,165,28.2857142857,0.26,77
Milt May,Lefty,72,190,31.6666666667,0.263,77
Rich Rollins,Righty,70,185,31.7142857143,0.269,77
Otto Velez,Righty,72,170,28.3333333333,0.251,78
Julian Javier,Righty,73,175,28.7671232877,0.257,78
Leon Roberts,Righty,75,200,32,0.267,78
Phil Bradley,Righty,72,185,30.8333333333,0.286,78
Alex Johnson,Righty,72,205,34.1666666667,0.288,78
Bob Tillman,Righty,76,205,32.3684210526,0.232,79
Bert Campaneris,Righty,70,160,27.4285714286,0.259,79
Juan Beniquez,Righty,71,150,25.3521126761,0.274,79
Dick Green,Righty,70,180,30.8571428571,0.24,80
Ed Herrmann,Lefty,73,195,32.0547945205,0.24,80
Roy Howell,Lefty,73,190,31.2328767123,0.261,80
Joel Youngblood,Righty,72,180,30,0.265,80
Mike Hargrove,Lefty,72,195,32.5,0.29,80
John Bateman,Righty,75,210,33.6,0.23,81
Johnny Edwards,Lefty,76,220,34.7368421053,0.242,81
Mike Ivie,Righty,75,205,32.8,0.269,81
Roger Repoz,Lefty,75,190,30.4,0.224,82
Randy Hundley,Righty,71,170,28.7323943662,0.236,82
Bobby Darwin,Righty,74,190,30.8108108108,0.251,83
Gates Brown,Lefty,71,220,37.1830985915,0.257,84
Ray Knight,Righty,73,185,30.4109589041,0.271,84
Ed Kirkpatrick,Lefty,71,195,32.9577464789,0.238,85
Jerry Martin,Righty,73,195,32.0547945205,0.251,85
Dan Meyer,Lefty,71,180,30.4225352113,0.253,86
John Wockenfuss,Righty,72,190,31.6666666667,0.262,86
Ed Charles,Righty,70,170,29.1428571429,0.263,86
Bobby Tolan,Lefty,71,170,28.7323943662,0.265,86
Willie Crawford,Lefty,73,197,32.3835616438,0.268,86
Tom Paciorek,Righty,76,215,33.9473684211,0.282,86
Bo Diaz,Righty,71,185,31.2676056338,0.255,87
Del Unser,Lefty,73,180,29.5890410959,0.258,87
Alan Ashby,Switch-hitter,74,185,30,0.245,90
Mike Lum,Lefty,72,180,30,0.247,90
Carlos May,Lefty,71,200,33.8028169014,0.274,90
Bob Brenly,Righty,74,210,34.0540540541,0.247,91
Cito Gaston,Righty,75,190,30.4,0.256,91
Mike Davis,Lefty,74,175,28.3783783784,0.259,91
Ken Landreaux,Lefty,70,165,28.2857142857,0.268,91
Lee Lacy,Righty,73,175,28.7671232877,0.286,91
Rod Carew,Lefty,72,170,28.3333333333,0.328,92
Lee Mazzilli,Switch-hitter,73,180,29.5890410959,0.259,93
Don Buford,Switch-hitter,67,160,28.6567164179,0.264,93
Cleon Jones,Righty,72,185,30.8333333333,0.281,93
Bob Oliver,Righty,75,205,32.8,0.256,94
Mike Jorgensen,Lefty,72,195,32.5,0.243,95
Jim Sundberg,Righty,72,190,31.6666666667,0.248,95
Jerry Morales,Righty,70,155,26.5714285714,0.259,95
Dave May,Lefty,70,186,31.8857142857,0.251,96
Bernie Carbo,Lefty,71,173,29.2394366197,0.264,96
Ozzie Virgil,Righty,73,180,29.5890410959,0.243,98
Butch Hobson,Righty,73,193,31.7260273973,0.248,98
Pete Ward,Lefty,73,185,30.4109589041,0.254,98
Johnny Grubb,Lefty,75,175,28,0.278,99
Duke Sims,Lefty,74,197,31.9459459459,0.239,100
Bruce Bochte,Lefty,75,195,31.2,0.282,100
Denis Menke,Righty,72,185,30.8333333333,0.25,101
Dave Concepcion,Righty,74,155,25.1351351351,0.267,101
Steve Yeager,Righty,72,190,31.6666666667,0.228,102
Eric Soderholm,Righty,71,187,31.6056338028,0.264,102
Ollie Brown,Righty,74,178,28.8648648649,0.265,102
Jay Johnstone,Lefty,73,175,28.7671232877,0.267,102
Lou Piniella,Righty,72,182,30.3333333333,0.291,102
Tony Gonzalez,Lefty,69,170,29.5652173913,0.286,103
Bob Boone,Righty,74,195,31.6216216216,0.254,105
Lee Thomas,Lefty,74,195,31.6216216216,0.255,106
Larry Herndon,Righty,75,190,30.4,0.274,107
Fred Whitfield,Lefty,73,190,31.2328767123,0.253,108
Al Cowens,Righty,73,197,32.3835616438,0.27,108
Dave Duncan,Righty,74,190,30.8108108108,0.214,109
Phil Garner,Righty,70,175,30,0.26,109
Willie Aikens,Lefty,75,220,35.2,0.271,110
Max Alvis,Righty,71,185,31.2676056338,0.247,111
Curt Blefary,Lefty,74,195,31.6216216216,0.237,112
Chris Speier,Righty,73,175,28.7671232877,0.246,112
Jim Morrison,Righty,71,175,29.5774647887,0.26,112
Greg Walker,Lefty,75,205,32.8,0.26,113
Chuck Hinton,Righty,73,180,29.5890410959,0.264,113
Thurman Munson,Righty,71,190,32.1126760563,0.292,113
Bob Robertson,Righty,73,195,32.0547945205,0.242,115
John Lowenstein,Lefty,72,175,29.1666666667,0.253,116
Rick Reichardt,Righty,75,210,33.6,0.261,116
Mickey Stanley,Righty,73,185,30.4109589041,0.248,117
Garry Maddox,Righty,75,175,28,0.285,117
Leo Cardenas,Righty,71,150,25.3521126761,0.257,118
Ed Kranepool,Lefty,75,205,32.8,0.261,118
Mike Easler,Lefty,72,190,31.6666666667,0.293,118
Wayne Gross,Lefty,74,210,34.0540540541,0.233,121
Gary Roenicke,Righty,75,205,32.8,0.247,121
Jimmie Hall,Lefty,72,175,29.1666666667,0.254,121
Dan Ford,Righty,73,185,30.4109589041,0.27,121
Keith Moreland,Righty,72,190,31.6666666667,0.279,121
Don Lock,Righty,74,195,31.6216216216,0.238,122
Joe Ferguson,Righty,74,200,32.4324324324,0.24,122
Nick Esasky,Righty,75,200,32,0.25,122
Ken Henderson,Switch-hitter,74,180,29.1891891892,0.257,122
Ken Phelps,Lefty,73,209,34.3561643836,0.239,123
Willie Upshaw,Lefty,72,185,30.8333333333,0.262,123
Ellis Valentine,Righty,76,205,32.3684210526,0.278,123
Aurelio Rodriguez,Righty,70,180,30.8571428571,0.237,124
Jody Davis,Righty,76,192,30.3157894737,0.245,127
Mike Epstein,Lefty,75,230,36.8,0.244,130
Tommie Agee,Righty,71,195,32.9577464789,0.255,130
Gary Ward,Righty,74,195,31.6216216216,0.276,130
Jorge Orta,Lefty,70,170,29.1428571429,0.278,130
Steve Kemp,Lefty,72,195,32.5,0.278,130
Ken Harrelson,Righty,74,190,30.8108108108,0.239,131
John Milner,Lefty,72,185,30.8333333333,0.249,131
Mack Jones,Lefty,73,180,29.5890410959,0.252,133
Paul Blair,Righty,72,168,28,0.25,134
Tom Haller,Lefty,76,195,30.7894736842,0.257,134
Davey Johnson,Righty,73,170,27.9452054795,0.261,136
Earl Williams,Righty,75,215,34.4,0.247,138
Jose Cardenal,Righty,70,150,25.7142857143,0.275,138
Johnny Briggs,Lefty,73,190,31.2328767123,0.253,139
Willie Montanez,Lefty,72,170,28.3333333333,0.275,139
Jeffrey Leonard,Righty,74,200,32.4324324324,0.266,144
Jim Spencer,Lefty,74,195,31.6216216216,0.25,146
Tommy Harper,Righty,69,165,28.6956521739,0.257,146
Ruppert Jones,Lefty,70,170,29.1428571429,0.25,147
Leon Durham,Lefty,73,185,30.4109589041,0.277,147
Sixto Lezcano,Righty,70,165,28.2857142857,0.271,148
Lou Brock,Lefty,71,170,28.7323943662,0.293,149
Jim Fregosi,Righty,73,190,31.2328767123,0.265,151
Tom Tresh,Switch-hitter,73,180,29.5890410959,0.245,153
Dan Driessen,Lefty,71,187,31.6056338028,0.267,153
Jim Northrup,Lefty,75,190,30.4,0.267,153
Doug Rader,Righty,74,208,33.7297297297,0.251,155
Davey Lopes,Righty,69,170,29.5652173913,0.263,155
Ken McMullen,Righty,75,190,30.4,0.248,156
Jim Hickman,Righty,75,192,30.72,0.252,159
Donn Clendenon,Righty,76,209,33,0.274,159
Bill Melton,Righty,74,200,32.4324324324,0.253,160
Frank White,Righty,71,165,27.8873239437,0.255,160
Roy White,Switch-hitter,70,160,27.4285714286,0.271,160
Pete Rose,Switch-hitter,71,192,32.4507042254,0.303,160
Keith Hernandez,Lefty,72,180,30,0.296,162
Roy Smalley,Switch-hitter,73,185,30.4109589041,0.257,163
Bill Madlock,Righty,71,180,30.4225352113,0.305,163
Claudell Washington,Lefty,72,190,31.6666666667,0.278,164
Jose Cruz,Lefty,72,170,28.3333333333,0.284,165
Dwayne Murphy,Lefty,73,185,30.4109589041,0.246,166
Bill Robinson,Righty,74,189,30.6486486486,0.258,166
Tony Conigliaro,Righty,75,185,29.6,0.264,166
Larry Hisle,Righty,74,193,31.2972972973,0.273,166
Jim Ray Hart,Righty,71,185,31.2676056338,0.278,170
Nate Colbert,Righty,74,190,30.8108108108,0.243,173
Bill Buckner,Lefty,72,185,30.8333333333,0.289,174
Don Money,Righty,73,170,27.9452054795,0.261,176
Joe Rudi,Righty,74,200,32.4324324324,0.264,179
Willie Davis,Lefty,74,180,29.1891891892,0.279,182
Bob Watson,Righty,72,201,33.5,0.295,184
Chris Chambliss,Lefty,73,195,32.0547945205,0.279,185
Darrell Porter,Lefty,72,193,32.1666666667,0.247,188
Bob Bailey,Righty,73,180,29.5890410959,0.257,189
Hal McRae,Righty,71,180,30.4225352113,0.29,191
Amos Otis,Righty,71,165,27.8873239437,0.277,193
Toby Harrah,Righty,72,175,29.1666666667,0.264,195
Cliff Johnson,Righty,76,215,33.9473684211,0.258,196
Dick McAuliffe,Lefty,71,176,29.7464788732,0.247,197
Cesar Cedeno,Righty,74,175,28.3783783784,0.285,199
Don Mincher,Lefty,75,205,32.8,0.249,200
Bill Freehan,Righty,75,203,32.48,0.262,200
Oscar Gamble,Lefty,71,160,27.0422535211,0.265,200
Gene Tenace,Righty,72,190,31.6666666667,0.241,201
Buddy Bell,Righty,73,180,29.5890410959,0.279,201
Richie Hebner,Lefty,73,195,32.0547945205,0.276,203
Rico Carty,Righty,75,200,32,0.299,204
Richie Zisk,Righty,73,200,32.8767123288,0.287,207
Jason Thompson,Lefty,76,200,31.5789473684,0.261,208
Rico Petrocelli,Righty,72,175,29.1666666667,0.251,210
Chet Lemon,Righty,72,190,31.6666666667,0.273,215
Bob Horner,Righty,73,195,32.0547945205,0.277,218
Joe Pepitone,Lefty,74,185,30,0.258,219
Al Oliver,Lefty,72,195,32.5,0.303,219
Tony Oliva,Lefty,73,175,28.7671232877,0.304,220
Bobby Grich,Righty,74,180,29.1891891892,0.266,224
Gary Matthews,Righty,74,185,30,0.281,234
Ben Oglivie,Lefty,74,160,25.9459459459,0.273,235
Doug DeCinces,Righty,74,190,30.8108108108,0.259,237
Jeff Burroughs,Righty,73,200,32.8767123288,0.261,240
Rick Monday,Lefty,75,193,30.88,0.264,241
Cecil Cooper,Lefty,74,165,26.7567567568,0.298,241
Sal Bando,Righty,72,195,32.5,0.254,242
Dusty Baker,Righty,74,183,29.6756756757,0.278,242
Deron Johnson,Righty,74,200,32.4324324324,0.244,245
Ken Singleton,Switch-hitter,76,210,33.1578947368,0.282,246
Ted Simmons,Switch-hitter,71,193,32.6197183099,0.285,248
Tony Armas,Righty,71,182,30.7605633803,0.252,251
Bobby Murcer,Lefty,71,160,27.0422535211,0.277,252
Joe Torre,Righty,74,212,34.3783783784,0.297,252
Andre Thornton,Righty,75,200,32,0.254,253
John Mayberry,Lefty,75,215,34.4,0.253,255
Larry Parrish,Righty,75,190,30.4,0.263,256
George Hendrick,Righty,75,195,31.2,0.278,267
Gorman Thomas,Righty,74,210,34.0540540541,0.225,268
Joe Morgan,Lefty,67,160,28.6567164179,0.271,268
George Scott,Righty,74,200,32.4324324324,0.268,271
Steve Garvey,Righty,70,192,32.9142857143,0.294,272
Jimmy Wynn,Righty,70,160,27.4285714286,0.25,291
Rusty Staub,Lefty,74,190,30.8108108108,0.279,292
Fred Lynn,Lefty,73,185,30.4109589041,0.283,306
Greg Luzinski,Righty,73,220,36.1643835616,0.276,307
Reggie Smith,Switch-hitter,72,180,30,0.287,314
Ron Cey,Righty,70,185,31.7142857143,0.261,316
Willie Horton,Righty,71,209,35.323943662,0.273,325
Bobby Bonds,Righty,73,190,31.2328767123,0.268,332
Don Baylor,Righty,73,190,31.2328767123,0.26,338
Boog Powell,Lefty,76,230,36.3157894737,0.266,339
Ron Santo,Righty,72,190,31.6666666667,0.277,342
George Foster,Righty,73,180,29.5890410959,0.274,348
Dick Allen,Righty,71,187,31.6056338028,0.292,351
Lee May,Righty,75,195,31.2,0.267,354
Tony Perez,Righty,74,175,28.3783783784,0.279,379
Jim Rice,Righty,74,200,32.4324324324,0.298,382
Johnny Bench,Righty,73,197,32.3835616438,0.267,389
Graig Nettles,Lefty,72,180,30,0.248,390
Darrell Evans,Lefty,74,200,32.4324324324,0.248,414
Dave Kingman,Righty,78,210,32.3076923077,0.236,442
Carl Yastrzemski,Lefty,71,175,29.5774647887,0.285,452
Willie Stargell,Lefty,74,188,30.4864864865,0.282,475
Mike Schmidt,Righty,74,195,31.6216216216,0.267,548
Reggie Jackson,Lefty,72,195,32.5,0.262,563
